{
    "(0,0)": 0,
    "(0,1)": 0.641026,
    "(0,2)": 1.92308,
    "(0,3)": 3.84615,
    "(0,4)": 6.41026,
    "(0,5)": 9.61538,
    "(0,6)": 13.4615,
    "(0,7)": 17.9487,
    "(0,8)": 23.0769,
    "(0,9)": 28.8462,
    "(0,10)": 35.2564,
    "(1,0)": 1.41026,
    "(1,1)": 2.94872,
    "(1,2)": 5.12821,
    "(1,3)": 7.94872,
    "(1,4)": 11.4103,
    "(1,5)": 15.5128,
    "(1,6)": 20.2564,
    "(1,7)": 25.641,
    "(1,8)": 31.6667,
    "(1,9)": 38.3333,
    "(1,10)": 45.641,
    "(2,0)": 4.23077,
    "(2,1)": 6.66667,
    "(2,2)": 9.74359,
    "(2,3)": 13.4615,
    "(2,4)": 17.8205,
    "(2,5)": 22.8205,
    "(2,6)": 28.4615,
    "(2,7)": 34.7436,
    "(2,8)": 41.6667,
    "(2,9)": 49.2308,
    "(2,10)": 57.4359,
    "(3,0)": 8.46154,
    "(3,1)": 11.7949,
    "(3,2)": 15.7692,
    "(3,3)": 20.3846,
    "(3,4)": 25.641,
    "(3,5)": 31.5385,
    "(3,6)": 38.0769,
    "(3,7)": 45.2564,
    "(3,8)": 53.0769,
    "(3,9)": 61.5385,
    "(3,10)": 70.641,
    "(4,0)": 14.1026,
    "(4,1)": 18.3333,
    "(4,2)": 23.2051,
    "(4,3)": 28.7179,
    "(4,4)": 34.8718,
    "(4,5)": 41.6667,
    "(4,6)": 49.1026,
    "(4,7)": 57.1795,
    "(4,8)": 65.8974,
    "(4,9)": 75.2564,
    "(4,10)": 85.2564,
    "(5,0)": 21.1538,
    "(5,1)": 26.2821,
    "(5,2)": 32.0513,
    "(5,3)": 38.4615,
    "(5,4)": 45.5128,
    "(5,5)": 53.2051,
    "(5,6)": 61.5385,
    "(5,7)": 70.5128,
    "(5,8)": 80.1282,
    "(5,9)": 90.3846,
    "(5,10)": 101.282,
    "(6,0)": 29.6154,
    "(6,1)": 35.641,
    "(6,2)": 42.3077,
    "(6,3)": 49.6154,
    "(6,4)": 57.5641,
    "(6,5)": 66.1538,
    "(6,6)": 75.3846,
    "(6,7)": 85.2564,
    "(6,8)": 95.7692,
    "(6,9)": 106.923,
    "(6,10)": 118.718,
    "(7,0)": 39.4872,
    "(7,1)": 46.4103,
    "(7,2)": 53.9744,
    "(7,3)": 62.1795,
    "(7,4)": 71.0256,
    "(7,5)": 80.5128,
    "(7,6)": 90.641,
    "(7,7)": 101.41,
    "(7,8)": 112.821,
    "(7,9)": 124.872,
    "(7,10)": 137.564,
    "(8,0)": 50.7692,
    "(8,1)": 58.5897,
    "(8,2)": 67.0513,
    "(8,3)": 76.1538,
    "(8,4)": 85.8974,
    "(8,5)": 96.2821,
    "(8,6)": 107.308,
    "(8,7)": 118.974,
    "(8,8)": 131.282,
    "(8,9)": 144.231,
    "(8,10)": 157.821,
    "(9,0)": 63.4615,
    "(9,1)": 72.1795,
    "(9,2)": 81.5385,
    "(9,3)": 91.5385,
    "(9,4)": 102.179,
    "(9,5)": 113.462,
    "(9,6)": 125.385,
    "(9,7)": 137.949,
    "(9,8)": 151.154,
    "(9,9)": 165.0,
    "(9,10)": 179.487,
    "(10,0)": 77.5641,
    "(10,1)": 87.1795,
    "(10,2)": 97.4359,
    "(10,3)": 108.333,
    "(10,4)": 119.872,
    "(10,5)": 132.051,
    "(10,6)": 144.872,
    "(10,7)": 158.333,
    "(10,8)": 172.436,
    "(10,9)": 187.179,
    "(10,10)": 202.564
}