{
    "(0,0)": 0,
    "(0,1)": 0.641026,
    "(0,2)": 1.92308,
    "(0,3)": 3.84615,
    "(0,4)": 6.41026,
    "(0,5)": 9.61538,
    "(1,0)": 1.41026,
    "(1,1)": 2.94872,
    "(1,2)": 5.12821,
    "(1,3)": 7.94872,
    "(1,4)": 11.4103,
    "(1,5)": 15.5128,
    "(2,0)": 4.23077,
    "(2,1)": 6.66667,
    "(2,2)": 9.74359,
    "(2,3)": 13.4615,
    "(2,4)": 17.8205,
    "(2,5)": 22.8205,
    "(3,0)": 8.46154,
    "(3,1)": 11.7949,
    "(3,2)": 15.7692,
    "(3,3)": 20.3846,
    "(3,4)": 25.641,
    "(3,5)": 31.5385,
    "(4,0)": 14.1026,
    "(4,1)": 18.3333,
    "(4,2)": 23.2051,
    "(4,3)": 28.7179,
    "(4,4)": 34.8718,
    "(4,5)": 41.6667,
    "(5,0)": 21.1538,
    "(5,1)": 26.2821,
    "(5,2)": 32.0513,
    "(5,3)": 38.4615,
    "(5,4)": 45.5128,
    "(5,5)": 53.2051
}