{
    "perfCoeffs": {
        "(0,0)": 0.0483559,
        "(0,1)": 0.0656321,
        "(1,1)": 0.0990995,
        "0": 0.0483559,
        "1": 0.0990995
    },
    "energyCoeffs": {
        "(0,0)": 0.0,
        "(0,1)": 0.0,
        "(1,1)": 0.0,
        "0": 1.42109e-14,
        "1": 2.84217e-14
    }
}