{
    "perfCoeffs": {
        "(0,0)": 0.059952,
        "(0,1)": 0.0842834,
        "(1,1)": 0.131418,
        "0": 0.059952,
        "1": 0.131418
    },
    "energyCoeffs": {
        "(0,0)": 0.0,
        "(0,1)": 0.0,
        "(1,1)": 0.0,
        "0": 24.3112,
        "1": 47.0958
    }
}