{
    "perfCoeffs": {
        "(0,0)": 0.0688481,
        "(0,1)": 0.0998216,
        "(1,1)": 0.159824,
        "0": 0.0688481,
        "1": 0.159824
    },
    "energyCoeffs": {
        "(0,0)": 0.0,
        "(0,1)": 0.0,
        "(1,1)": 0.0,
        "0": 24.3112,
        "1": 47.0958
    }
}