{
    "perfCoeffs": {
        "(0,0)": 0.065636,
        "(0,1)": 0.0955745,
        "(0,2)": 0.0955745,
        "(0,3)": 0.0955745,
        "(0,4)": 0.0955745,
        "(1,1)": 0.153572,
        "(1,2)": 0.153572,
        "(1,3)": 0.153572,
        "(1,4)": 0.153572,
        "(2,2)": 0.153572,
        "(2,3)": 0.153572,
        "(2,4)": 0.153572,
        "(3,3)": 0.153572,
        "(3,4)": 0.153572,
        "(4,4)": 0.153572,
        "0": 0.065636,
        "1": 0.153572,
        "2": 0.153572,
        "3": 0.153572,
        "4": 0.153572
    },
    "energyCoeffs": {
        "(0,0)": 0.0,
        "(0,1)": 0.0,
        "(0,2)": 0.0,
        "(0,3)": 0.0,
        "(0,4)": 0.0,
        "(1,1)": 0.0,
        "(1,2)": 0.0,
        "(1,3)": 0.0,
        "(1,4)": 0.0,
        "(2,2)": 0.0,
        "(2,3)": 0.0,
        "(2,4)": 0.0,
        "(3,3)": 0.0,
        "(3,4)": 0.0,
        "(4,4)": 0.0,
        "0": 24.3112,
        "1": 47.0958,
        "2": 47.0958,
        "3": 47.0958,
        "4": 47.0958
    }
}