{
    "perfCoeffs": {
        "(0,0)": 0.0638474,
        "(0,1)": 0.092396,
        "(0,2)": 0.092396,
        "(1,1)": 0.147701,
        "(1,2)": 0.147701,
        "(2,2)": 0.147701,
        "0": 0.0638474,
        "1": 0.147701,
        "2": 0.147701
    },
    "energyCoeffs": {
        "(0,0)": 0.0,
        "(0,1)": 0.0,
        "(0,2)": 0.0,
        "(1,1)": 0.0,
        "(1,2)": 0.0,
        "(2,2)": 0.0,
        "0": 24.3112,
        "1": 47.0958,
        "2": 47.0958
    }
}