{
    "perfCoeffs": {
        "(0,0)": 0.0483559,
        "(0,1)": 0.0656321,
        "(0,2)": 0.0656321,
        "(0,3)": 0.0656321,
        "(0,4)": 0.0656321,
        "(1,1)": 0.0990995,
        "(1,2)": 0.0990995,
        "(1,3)": 0.0990995,
        "(1,4)": 0.0990995,
        "(2,2)": 0.0990995,
        "(2,3)": 0.0990995,
        "(2,4)": 0.0990995,
        "(3,3)": 0.0990995,
        "(3,4)": 0.0990995,
        "(4,4)": 0.0990995,
        "0": 0.0483559,
        "1": 0.0990995,
        "2": 0.0990995,
        "3": 0.0990995,
        "4": 0.0990995
    },
    "energyCoeffs": {
        "(0,0)": 0.0,
        "(0,1)": 0.0,
        "(0,2)": 0.0,
        "(0,3)": 0.0,
        "(0,4)": 0.0,
        "(1,1)": 0.0,
        "(1,2)": 0.0,
        "(1,3)": 0.0,
        "(1,4)": 0.0,
        "(2,2)": 0.0,
        "(2,3)": 0.0,
        "(2,4)": 0.0,
        "(3,3)": 0.0,
        "(3,4)": 0.0,
        "(4,4)": 0.0,
        "0": 24.3112,
        "1": 47.0958,
        "2": 47.0958,
        "3": 47.0958,
        "4": 47.0958
    }
}