{
    "perfCoeffs": {
        "(0,0)": 0.05022,
        "(0,1)": 0.0687648,
        "(0,2)": 0.0687648,
        "(1,1)": 0.10469,
        "(1,2)": 0.10469,
        "(2,2)": 0.10469,
        "0": 0.05022,
        "1": 0.10469,
        "2": 0.10469
    },
    "energyCoeffs": {
        "(0,0)": 0.0,
        "(0,1)": 0.0,
        "(0,2)": 0.0,
        "(1,1)": 0.0,
        "(1,2)": 0.0,
        "(2,2)": 0.0,
        "0": 24.3112,
        "1": 47.0958,
        "2": 47.0958
    }
}