{
    "perfCoeffs": {
        "(0,0)": 0.0684303,
        "(0,1)": 0.0998314,
        "(0,2)": 0.0998314,
        "(0,3)": 0.0998314,
        "(0,4)": 0.0998314,
        "(1,1)": 0.160662,
        "(1,2)": 0.160662,
        "(1,3)": 0.160662,
        "(1,4)": 0.160662,
        "(2,2)": 0.160662,
        "(2,3)": 0.160662,
        "(2,4)": 0.160662,
        "(3,3)": 0.160662,
        "(3,4)": 0.160662,
        "(4,4)": 0.160662,
        "0": 0.0684303,
        "1": 0.160662,
        "2": 0.160662,
        "3": 0.160662,
        "4": 0.160662
    },
    "energyCoeffs": {
        "(0,0)": 0.0,
        "(0,1)": 0.0,
        "(0,2)": 0.0,
        "(0,3)": 0.0,
        "(0,4)": 0.0,
        "(1,1)": 0.0,
        "(1,2)": 0.0,
        "(1,3)": 0.0,
        "(1,4)": 0.0,
        "(2,2)": 0.0,
        "(2,3)": 0.0,
        "(2,4)": 0.0,
        "(3,3)": 0.0,
        "(3,4)": 0.0,
        "(4,4)": 0.0,
        "0": 16.2075,
        "1": 31.3972,
        "2": 31.3972,
        "3": 31.3972,
        "4": 31.3972
    }
}