{
    "perfCoeffs": {
        "(0,0)": 0.0549366,
        "(0,1)": 0.0778953,
        "(1,1)": 0.122371,
        "0": 0.0549366,
        "1": 0.122371
    },
    "energyCoeffs": {
        "(0,0)": 0.0,
        "(0,1)": 0.0,
        "(1,1)": 0.0,
        "0": 2.43112,
        "1": 4.70958
    }
}