{
    "perfCoeffs": {
        "(0,0)": 1.47059,
        "(0,1)": 0.587359,
        "(0,2)": 0.587359,
        "(0,3)": 0.587359,
        "(0,4)": 0.587359,
        "(1,1)": 0.262907,
        "(1,2)": 0.262907,
        "(1,3)": 0.262907,
        "(1,4)": 0.262907,
        "(2,2)": 0.262907,
        "(2,3)": 0.262907,
        "(2,4)": 0.262907,
        "(3,3)": 0.262907,
        "(3,4)": 0.262907,
        "(4,4)": 0.262907,
        "0": 1.47059,
        "1": 0.262907,
        "2": 0.262907,
        "3": 0.262907,
        "4": 0.262907
    },
    "energyCoeffs": {
        "(0,0)": 0.0,
        "(0,1)": 0.0,
        "(0,2)": 0.0,
        "(0,3)": 0.0,
        "(0,4)": 0.0,
        "(1,1)": 0.0,
        "(1,2)": 0.0,
        "(1,3)": 0.0,
        "(1,4)": 0.0,
        "(2,2)": 0.0,
        "(2,3)": 0.0,
        "(2,4)": 0.0,
        "(3,3)": 0.0,
        "(3,4)": 0.0,
        "(4,4)": 0.0,
        "0": 128.205,
        "1": 47.0958,
        "2": 47.0958,
        "3": 47.0958,
        "4": 47.0958
    }
}