{
    "perfCoeffs": {
        "(0,0)": 0.0565033,
        "(0,1)": 0.0795169,
        "(0,2)": 0.0795169,
        "(1,1)": 0.124099,
        "(1,2)": 0.124099,
        "(2,2)": 0.124099,
        "0": 0.0565033,
        "1": 0.124099,
        "2": 0.124099
    },
    "energyCoeffs": {
        "(0,0)": 0.0,
        "(0,1)": 0.0,
        "(0,2)": 0.0,
        "(1,1)": 0.0,
        "(1,2)": 0.0,
        "(2,2)": 0.0,
        "0": 24.3112,
        "1": 47.0958,
        "2": 47.0958
    }
}