{
    "perfCoeffs": {
        "(0,0)": 0.0589831,
        "(0,1)": 0.084434,
        "(1,1)": 0.133738,
        "0": 0.0589831,
        "1": 0.133738
    },
    "energyCoeffs": {
        "(0,0)": 0.0,
        "(0,1)": 0.0,
        "(1,1)": 0.0,
        "0": 24.3112,
        "1": 47.0958
    }
}