{
    "perfCoeffs": {
        "(0,0)": 0.0499736,
        "(0,1)": 0.0683491,
        "(1,1)": 0.103946,
        "0": 0.0499736,
        "1": 0.103946
    },
    "energyCoeffs": {
        "(0,0)": 0.0,
        "(0,1)": 0.0,
        "(1,1)": 0.0,
        "0": 0.0,
        "1": -1.7053e-13
    }
}