{
    "perfCoeffs": {
        "(0,0)": 0.0524374,
        "(0,1)": 0.0735388,
        "(1,1)": 0.114416,
        "0": 0.0524374,
        "1": 0.114416
    },
    "energyCoeffs": {
        "(0,0)": 0.0,
        "(0,1)": 0.0,
        "(1,1)": 0.0,
        "0": 24.3112,
        "1": 47.0958
    }
}