{
    "(0,0)": [
        0,
        0
    ],
    "(0,1)": [
        0.333333,
        100
    ],
    "(0,2)": [
        1,
        200
    ],
    "(0,3)": [
        2,
        300
    ],
    "(0,4)": [
        3.33333,
        400
    ],
    "(0,5)": [
        5,
        500
    ],
    "(0,6)": [
        7,
        600
    ],
    "(0,7)": [
        9.33333,
        700
    ],
    "(0,8)": [
        12,
        800
    ],
    "(0,9)": [
        15,
        900
    ],
    "(0,10)": [
        18.3333,
        1000
    ],
    "(1,0)": [
        1.66667,
        300
    ],
    "(1,1)": [
        2.66667,
        400
    ],
    "(1,2)": [
        4,
        500
    ],
    "(1,3)": [
        5.66667,
        600
    ],
    "(1,4)": [
        7.66667,
        700
    ],
    "(1,5)": [
        10,
        800
    ],
    "(1,6)": [
        12.6667,
        900
    ],
    "(1,7)": [
        15.6667,
        1000
    ],
    "(1,8)": [
        19,
        1100
    ],
    "(1,9)": [
        22.6667,
        1200
    ],
    "(1,10)": [
        26.6667,
        1300
    ],
    "(2,0)": [
        5,
        600
    ],
    "(2,1)": [
        6.66667,
        700
    ],
    "(2,2)": [
        8.66667,
        800
    ],
    "(2,3)": [
        11,
        900
    ],
    "(2,4)": [
        13.6667,
        1000
    ],
    "(2,5)": [
        16.6667,
        1100
    ],
    "(2,6)": [
        20,
        1200
    ],
    "(2,7)": [
        23.6667,
        1300
    ],
    "(2,8)": [
        27.6667,
        1400
    ],
    "(2,9)": [
        32,
        1500
    ],
    "(2,10)": [
        36.6667,
        1600
    ],
    "(3,0)": [
        10,
        900
    ],
    "(3,1)": [
        12.3333,
        1000
    ],
    "(3,2)": [
        15,
        1100
    ],
    "(3,3)": [
        18,
        1200
    ],
    "(3,4)": [
        21.3333,
        1300
    ],
    "(3,5)": [
        25,
        1400
    ],
    "(3,6)": [
        29,
        1500
    ],
    "(3,7)": [
        33.3333,
        1600
    ],
    "(3,8)": [
        38,
        1700
    ],
    "(3,9)": [
        43,
        1800
    ],
    "(3,10)": [
        48.3333,
        1900
    ],
    "(4,0)": [
        16.6667,
        1200
    ],
    "(4,1)": [
        19.6667,
        1300
    ],
    "(4,2)": [
        23,
        1400
    ],
    "(4,3)": [
        26.6667,
        1500
    ],
    "(4,4)": [
        30.6667,
        1600
    ],
    "(4,5)": [
        35,
        1700
    ],
    "(4,6)": [
        39.6667,
        1800
    ],
    "(4,7)": [
        44.6667,
        1900
    ],
    "(4,8)": [
        50,
        2000
    ],
    "(4,9)": [
        55.6667,
        2100
    ],
    "(4,10)": [
        61.6667,
        2200
    ],
    "(5,0)": [
        25,
        1500
    ],
    "(5,1)": [
        28.6667,
        1600
    ],
    "(5,2)": [
        32.6667,
        1700
    ],
    "(5,3)": [
        37,
        1800
    ],
    "(5,4)": [
        41.6667,
        1900
    ],
    "(5,5)": [
        46.6667,
        2000
    ],
    "(5,6)": [
        52,
        2100
    ],
    "(5,7)": [
        57.6667,
        2200
    ],
    "(5,8)": [
        63.6667,
        2300
    ],
    "(5,9)": [
        70,
        2400
    ],
    "(5,10)": [
        76.6667,
        2500
    ],
    "(6,0)": [
        35,
        1800
    ],
    "(6,1)": [
        39.3333,
        1900
    ],
    "(6,2)": [
        44,
        2000
    ],
    "(6,3)": [
        49,
        2100
    ],
    "(6,4)": [
        54.3333,
        2200
    ],
    "(6,5)": [
        60,
        2300
    ],
    "(6,6)": [
        66,
        2400
    ],
    "(6,7)": [
        72.3333,
        2500
    ],
    "(6,8)": [
        79,
        2600
    ],
    "(6,9)": [
        86,
        2700
    ],
    "(6,10)": [
        93.3333,
        2800
    ],
    "(7,0)": [
        46.6667,
        2100
    ],
    "(7,1)": [
        51.6667,
        2200
    ],
    "(7,2)": [
        57,
        2300
    ],
    "(7,3)": [
        62.6667,
        2400
    ],
    "(7,4)": [
        68.6667,
        2500
    ],
    "(7,5)": [
        75,
        2600
    ],
    "(7,6)": [
        81.6667,
        2700
    ],
    "(7,7)": [
        88.6667,
        2800
    ],
    "(7,8)": [
        96,
        2900
    ],
    "(7,9)": [
        103.667,
        3000
    ],
    "(7,10)": [
        111.667,
        3100
    ],
    "(8,0)": [
        60,
        2400
    ],
    "(8,1)": [
        65.6667,
        2500
    ],
    "(8,2)": [
        71.6667,
        2600
    ],
    "(8,3)": [
        78,
        2700
    ],
    "(8,4)": [
        84.6667,
        2800
    ],
    "(8,5)": [
        91.6667,
        2900
    ],
    "(8,6)": [
        99,
        3000
    ],
    "(8,7)": [
        106.667,
        3100
    ],
    "(8,8)": [
        114.667,
        3200
    ],
    "(8,9)": [
        123,
        3300
    ],
    "(8,10)": [
        131.667,
        3400
    ],
    "(9,0)": [
        75,
        2700
    ],
    "(9,1)": [
        81.3333,
        2800
    ],
    "(9,2)": [
        88,
        2900
    ],
    "(9,3)": [
        95,
        3000
    ],
    "(9,4)": [
        102.333,
        3100
    ],
    "(9,5)": [
        110,
        3200
    ],
    "(9,6)": [
        118,
        3300
    ],
    "(9,7)": [
        126.333,
        3400
    ],
    "(9,8)": [
        135,
        3500
    ],
    "(9,9)": [
        144,
        3600
    ],
    "(9,10)": [
        153.333,
        3700
    ],
    "(10,0)": [
        91.6667,
        3000
    ],
    "(10,1)": [
        98.6667,
        3100
    ],
    "(10,2)": [
        106,
        3200
    ],
    "(10,3)": [
        113.667,
        3300
    ],
    "(10,4)": [
        121.667,
        3400
    ],
    "(10,5)": [
        130,
        3500
    ],
    "(10,6)": [
        138.667,
        3600
    ],
    "(10,7)": [
        147.667,
        3700
    ],
    "(10,8)": [
        157,
        3800
    ],
    "(10,9)": [
        166.667,
        3900
    ],
    "(10,10)": [
        176.667,
        4000
    ]
}