{
    "(0,0)": [
        0,
        0
    ],
    "(0,1)": [
        -0.285188,
        47.0958
    ],
    "(0,2)": [
        -0.855564,
        94.1915
    ],
    "(0,3)": [
        -1.71113,
        141.287
    ],
    "(0,4)": [
        -2.85188,
        188.383
    ],
    "(0,5)": [
        -4.27782,
        235.479
    ],
    "(0,6)": [
        -5.98895,
        282.575
    ],
    "(0,7)": [
        -7.98526,
        329.67
    ],
    "(0,8)": [
        -10.2668,
        376.766
    ],
    "(0,9)": [
        -12.8335,
        423.862
    ],
    "(0,10)": [
        -15.6853,
        470.958
    ],
    "(1,0)": [
        0.05247,
        24.3112
    ],
    "(1,1)": [
        -0.295207,
        71.4069
    ],
    "(1,2)": [
        -0.928072,
        118.503
    ],
    "(1,3)": [
        -1.84612,
        165.598
    ],
    "(1,4)": [
        -3.04937,
        212.694
    ],
    "(1,5)": [
        -4.53779,
        259.79
    ],
    "(1,6)": [
        -6.31141,
        306.886
    ],
    "(1,7)": [
        -8.37022,
        353.982
    ],
    "(1,8)": [
        -10.7142,
        401.077
    ],
    "(1,9)": [
        -13.3434,
        448.173
    ],
    "(1,10)": [
        -16.2578,
        495.269
    ],
    "(2,0)": [
        0.15741,
        48.6224
    ],
    "(2,1)": [
        -0.252756,
        95.7181
    ],
    "(2,2)": [
        -0.94811,
        142.814
    ],
    "(2,3)": [
        -1.92865,
        189.91
    ],
    "(2,4)": [
        -3.19438,
        237.005
    ],
    "(2,5)": [
        -4.7453,
        284.101
    ],
    "(2,6)": [
        -6.5814,
        331.197
    ],
    "(2,7)": [
        -8.7027,
        378.293
    ],
    "(2,8)": [
        -11.1092,
        425.388
    ],
    "(2,9)": [
        -13.8008,
        472.484
    ],
    "(2,10)": [
        -16.7777,
        519.58
    ],
    "(3,0)": [
        0.31482,
        72.9335
    ],
    "(3,1)": [
        -0.157835,
        120.029
    ],
    "(3,2)": [
        -0.915677,
        167.125
    ],
    "(3,3)": [
        -1.95871,
        214.221
    ],
    "(3,4)": [
        -3.28693,
        261.317
    ],
    "(3,5)": [
        -4.90033,
        308.412
    ],
    "(3,6)": [
        -6.79893,
        355.508
    ],
    "(3,7)": [
        -8.98271,
        402.604
    ],
    "(3,8)": [
        -11.4517,
        449.7
    ],
    "(3,9)": [
        -14.2058,
        496.795
    ],
    "(3,10)": [
        -17.2452,
        543.891
    ],
    "(4,0)": [
        0.5247,
        97.2447
    ],
    "(4,1)": [
        -0.0104436,
        144.34
    ],
    "(4,2)": [
        -0.830775,
        191.436
    ],
    "(4,3)": [
        -1.93629,
        238.532
    ],
    "(4,4)": [
        -3.327,
        285.628
    ],
    "(4,5)": [
        -5.0029,
        332.724
    ],
    "(4,6)": [
        -6.96398,
        379.819
    ],
    "(4,7)": [
        -9.21025,
        426.915
    ],
    "(4,8)": [
        -11.7417,
        474.011
    ],
    "(4,9)": [
        -14.5584,
        521.107
    ],
    "(4,10)": [
        -17.6602,
        568.202
    ],
    "(5,0)": [
        0.78705,
        121.556
    ],
    "(5,1)": [
        0.189417,
        168.652
    ],
    "(5,2)": [
        -0.693403,
        215.747
    ],
    "(5,3)": [
        -1.86141,
        262.843
    ],
    "(5,4)": [
        -3.31461,
        309.939
    ],
    "(5,5)": [
        -5.05299,
        357.035
    ],
    "(5,6)": [
        -7.07656,
        404.13
    ],
    "(5,7)": [
        -9.38533,
        451.226
    ],
    "(5,8)": [
        -11.9793,
        498.322
    ],
    "(5,9)": [
        -14.8584,
        545.418
    ],
    "(5,10)": [
        -18.0227,
        592.514
    ],
    "(6,0)": [
        1.10187,
        145.867
    ],
    "(6,1)": [
        0.441749,
        192.963
    ],
    "(6,2)": [
        -0.503561,
        240.059
    ],
    "(6,3)": [
        -1.73406,
        287.154
    ],
    "(6,4)": [
        -3.24974,
        334.25
    ],
    "(6,5)": [
        -5.05062,
        381.346
    ],
    "(6,6)": [
        -7.13668,
        428.442
    ],
    "(6,7)": [
        -9.50793,
        475.537
    ],
    "(6,8)": [
        -12.1644,
        522.633
    ],
    "(6,9)": [
        -15.106,
        569.729
    ],
    "(6,10)": [
        -18.3328,
        616.825
    ],
    "(7,0)": [
        1.46916,
        170.178
    ],
    "(7,1)": [
        0.74655,
        217.274
    ],
    "(7,2)": [
        -0.261249,
        264.37
    ],
    "(7,3)": [
        -1.55424,
        311.466
    ],
    "(7,4)": [
        -3.13241,
        358.561
    ],
    "(7,5)": [
        -4.99577,
        405.657
    ],
    "(7,6)": [
        -7.14432,
        452.753
    ],
    "(7,7)": [
        -9.57806,
        499.849
    ],
    "(7,8)": [
        -12.297,
        546.944
    ],
    "(7,9)": [
        -15.3011,
        594.04
    ],
    "(7,10)": [
        -18.5904,
        641.136
    ],
    "(8,0)": [
        1.88892,
        194.489
    ],
    "(8,1)": [
        1.10382,
        241.585
    ],
    "(8,2)": [
        0.0335334,
        288.681
    ],
    "(8,3)": [
        -1.32194,
        335.777
    ],
    "(8,4)": [
        -2.9626,
        382.873
    ],
    "(8,5)": [
        -4.88846,
        429.968
    ],
    "(8,6)": [
        -7.0995,
        477.064
    ],
    "(8,7)": [
        -9.59572,
        524.16
    ],
    "(8,8)": [
        -12.3771,
        571.256
    ],
    "(8,9)": [
        -15.4437,
        618.351
    ],
    "(8,10)": [
        -18.7955,
        665.447
    ],
    "(9,0)": [
        2.36115,
        218.801
    ],
    "(9,1)": [
        1.51356,
        265.896
    ],
    "(9,2)": [
        0.380786,
        312.992
    ],
    "(9,3)": [
        -1.03718,
        360.088
    ],
    "(9,4)": [
        -2.74033,
        407.184
    ],
    "(9,5)": [
        -4.72867,
        454.279
    ],
    "(9,6)": [
        -7.0022,
        501.375
    ],
    "(9,7)": [
        -9.56091,
        548.471
    ],
    "(9,8)": [
        -12.4048,
        595.567
    ],
    "(9,9)": [
        -15.5339,
        642.663
    ],
    "(9,10)": [
        -18.9482,
        689.758
    ],
    "(10,0)": [
        2.88585,
        243.112
    ],
    "(10,1)": [
        1.97577,
        290.208
    ],
    "(10,2)": [
        0.780508,
        337.303
    ],
    "(10,3)": [
        -0.699945,
        384.399
    ],
    "(10,4)": [
        -2.46559,
        431.495
    ],
    "(10,5)": [
        -4.51642,
        478.591
    ],
    "(10,6)": [
        -6.85243,
        525.686
    ],
    "(10,7)": [
        -9.47364,
        572.782
    ],
    "(10,8)": [
        -12.38,
        619.878
    ],
    "(10,9)": [
        -15.5716,
        666.974
    ],
    "(10,10)": [
        -19.0484,
        714.069
    ]
}